video_id,video_timestamp,video_duration,video_locationcreated,video_diggcount,video_sharecount,video_commentcount,video_playcount,video_description,video_is_ad,video_stickers,author_username,author_name,author_followercount,author_followingcount,author_heartcount,author_videocount,author_diggcount,author_verified,poi_name,poi_address,poi_city
7339015490121010433,2024-02-24T11:08:29,57,VN,6519,627,80,267200,Nh·∫°c Genz gi·ªù ki·ªÉu: #thaygiaoba #kejo #bietdausemat #musics #lyrics #trending #xuhuong #eric ,False,,eric_tiktok99,Eric,698400,14,30600000,1604,18000,False,,,
7474461317957520658,2025-02-23T11:07:28,28,VN,36700,21300,434,1600000,"Ti·ªám c∆°m b√≤ Nh·∫≠t ngon r·∫ª nh·∫•t m√¨nh t·ª´ng ƒÉn ·ªü S√†i G√≤n, m√£i iu ‚ú®üòö #unagi #japanesefood #ancungtiktok #reviewanngon #LearnOnTikTok #dianthoi #MatsuyaVN #viral ",False,,dianthoii_,ƒêi ƒÇn Th√¥i,276100,114,7800000,751,4029,False,Ho Chi Minh City,Vietnam,
7529932981096418567,2025-07-22T22:45:46,9,MX,6000000,2600000,18000,47300000,jskdjs otro #cat #gato #ia #meme #earthzoomout ,False,,stroyxz,Stroyxz,90700,111,14800000,211,3837,False,,,
7529932981096418567,2025-07-22T22:45:46,9,MX,6000000,2600000,18000,47300000,jskdjs otro #cat #gato #ia #meme #earthzoomout ,False,,stroyxz,Stroyxz,90700,111,14800000,211,3837,False,,,
7529932981096418567,2025-07-22T22:45:46,9,MX,6000000,2600000,18000,47300000,jskdjs otro #cat #gato #ia #meme #earthzoomout ,False,,stroyxz,Stroyxz,90700,111,14800000,211,3837,False,,,
7529932981096418567,2025-07-22T22:45:46,9,MX,6000000,2600000,18000,47300000,jskdjs otro #cat #gato #ia #meme #earthzoomout ,False,,stroyxz,Stroyxz,90700,111,14800000,211,3837,False,,,
7529932981096418567,2025-07-22T22:45:46,9,MX,6000000,2600000,18000,47300000,jskdjs otro #cat #gato #ia #meme #earthzoomout ,False,,stroyxz,Stroyxz,90700,111,14800000,211,3837,False,,,
7529932981096418567,2025-07-22T22:45:46,9,MX,6000000,2600000,18000,47300000,jskdjs otro #cat #gato #ia #meme #earthzoomout ,False,,stroyxz,Stroyxz,90700,111,14800000,211,3837,False,,,
7498770268932934930,2025-04-29T23:18:33,63,VN,2951,696,51,138000,Qu√°n ƒÉn s√°ng g·∫ßn bi·ªÉn ngon ch·∫•t l∆∞·ª£ng h·∫£i s·∫£n t∆∞∆°i t·∫°i V≈©ng T√†u #anchoivungtau72 #vungtau #fyp #vungtaureview #dulichvungtau #dulichtinhbariavungtau #ansangvungtau #banhcanhmucquay #banhcanhhaisan #haisan #xuhuong ,False,,anchoivungtau72,AnChoiVungTau,708100,113,16000000,4554,16000,True,V≈©ng T√†u,"Ba Ria ‚Äì Vung Tau Province, Vietnam",
7498770268932934930,2025-04-29T23:18:33,63,VN,2951,696,51,138000,Qu√°n ƒÉn s√°ng g·∫ßn bi·ªÉn ngon ch·∫•t l∆∞·ª£ng h·∫£i s·∫£n t∆∞∆°i t·∫°i V≈©ng T√†u #anchoivungtau72 #vungtau #fyp #vungtaureview #dulichvungtau #dulichtinhbariavungtau #ansangvungtau #banhcanhmucquay #banhcanhhaisan #haisan #xuhuong ,False,,anchoivungtau72,AnChoiVungTau,708100,113,16000000,4554,16000,True,V≈©ng T√†u,"Ba Ria ‚Äì Vung Tau Province, Vietnam",
7498770268932934930,2025-04-29T23:18:33,63,VN,2951,696,51,138000,Qu√°n ƒÉn s√°ng g·∫ßn bi·ªÉn ngon ch·∫•t l∆∞·ª£ng h·∫£i s·∫£n t∆∞∆°i t·∫°i V≈©ng T√†u #anchoivungtau72 #vungtau #fyp #vungtaureview #dulichvungtau #dulichtinhbariavungtau #ansangvungtau #banhcanhmucquay #banhcanhhaisan #haisan #xuhuong ,False,,anchoivungtau72,AnChoiVungTau,708100,113,16000000,4554,16000,True,V≈©ng T√†u,"Ba Ria ‚Äì Vung Tau Province, Vietnam",
7498770268932934930,2025-04-29T23:18:33,63,VN,2951,696,51,138000,Qu√°n ƒÉn s√°ng g·∫ßn bi·ªÉn ngon ch·∫•t l∆∞·ª£ng h·∫£i s·∫£n t∆∞∆°i t·∫°i V≈©ng T√†u #anchoivungtau72 #vungtau #fyp #vungtaureview #dulichvungtau #dulichtinhbariavungtau #ansangvungtau #banhcanhmucquay #banhcanhhaisan #haisan #xuhuong ,False,,anchoivungtau72,AnChoiVungTau,708100,113,16000000,4554,16000,True,V≈©ng T√†u,"Ba Ria ‚Äì Vung Tau Province, Vietnam",
7498770268932934930,2025-04-29T23:18:33,63,VN,2951,696,51,138000,Qu√°n ƒÉn s√°ng g·∫ßn bi·ªÉn ngon ch·∫•t l∆∞·ª£ng h·∫£i s·∫£n t∆∞∆°i t·∫°i V≈©ng T√†u #anchoivungtau72 #vungtau #fyp #vungtaureview #dulichvungtau #dulichtinhbariavungtau #ansangvungtau #banhcanhmucquay #banhcanhhaisan #haisan #xuhuong ,False,,anchoivungtau72,AnChoiVungTau,708100,113,16000000,4554,16000,True,V≈©ng T√†u,"Ba Ria ‚Äì Vung Tau Province, Vietnam",
7498770268932934930,2025-04-29T23:18:33,63,VN,2951,696,51,138000,Qu√°n ƒÉn s√°ng g·∫ßn bi·ªÉn ngon ch·∫•t l∆∞·ª£ng h·∫£i s·∫£n t∆∞∆°i t·∫°i V≈©ng T√†u #anchoivungtau72 #vungtau #fyp #vungtaureview #dulichvungtau #dulichtinhbariavungtau #ansangvungtau #banhcanhmucquay #banhcanhhaisan #haisan #xuhuong ,False,,anchoivungtau72,AnChoiVungTau,708100,113,16000000,4554,16000,True,V≈©ng T√†u,"Ba Ria ‚Äì Vung Tau Province, Vietnam",
7498770268932934930,2025-04-29T23:18:33,63,VN,2951,696,51,138000,Qu√°n ƒÉn s√°ng g·∫ßn bi·ªÉn ngon ch·∫•t l∆∞·ª£ng h·∫£i s·∫£n t∆∞∆°i t·∫°i V≈©ng T√†u #anchoivungtau72 #vungtau #fyp #vungtaureview #dulichvungtau #dulichtinhbariavungtau #ansangvungtau #banhcanhmucquay #banhcanhhaisan #haisan #xuhuong ,False,,anchoivungtau72,AnChoiVungTau,708100,113,16000000,4554,16000,True,V≈©ng T√†u,"Ba Ria ‚Äì Vung Tau Province, Vietnam",
7498770268932934930,2025-04-29T23:18:33,63,VN,2951,696,51,138000,Qu√°n ƒÉn s√°ng g·∫ßn bi·ªÉn ngon ch·∫•t l∆∞·ª£ng h·∫£i s·∫£n t∆∞∆°i t·∫°i V≈©ng T√†u #anchoivungtau72 #vungtau #fyp #vungtaureview #dulichvungtau #dulichtinhbariavungtau #ansangvungtau #banhcanhmucquay #banhcanhhaisan #haisan #xuhuong ,False,,anchoivungtau72,AnChoiVungTau,708100,113,16000000,4554,16000,True,V≈©ng T√†u,"Ba Ria ‚Äì Vung Tau Province, Vietnam",
7498770268932934930,2025-04-29T23:18:33,63,VN,2951,696,51,138000,Qu√°n ƒÉn s√°ng g·∫ßn bi·ªÉn ngon ch·∫•t l∆∞·ª£ng h·∫£i s·∫£n t∆∞∆°i t·∫°i V≈©ng T√†u #anchoivungtau72 #vungtau #fyp #vungtaureview #dulichvungtau #dulichtinhbariavungtau #ansangvungtau #banhcanhmucquay #banhcanhhaisan #haisan #xuhuong ,False,,anchoivungtau72,AnChoiVungTau,708100,113,16000000,4554,16000,True,V≈©ng T√†u,"Ba Ria ‚Äì Vung Tau Province, Vietnam",
7498770268932934930,2025-04-29T23:18:33,63,VN,2951,696,51,138000,Qu√°n ƒÉn s√°ng g·∫ßn bi·ªÉn ngon ch·∫•t l∆∞·ª£ng h·∫£i s·∫£n t∆∞∆°i t·∫°i V≈©ng T√†u #anchoivungtau72 #vungtau #fyp #vungtaureview #dulichvungtau #dulichtinhbariavungtau #ansangvungtau #banhcanhmucquay #banhcanhhaisan #haisan #xuhuong ,False,,anchoivungtau72,AnChoiVungTau,708100,113,16000000,4554,16000,True,V≈©ng T√†u,"Ba Ria ‚Äì Vung Tau Province, Vietnam",
7317668065225805063,2023-12-28T22:29:35,59,VN,1160,297,38,337900,ƒê·∫øn V≈©ng T√†u tr∆∞a ƒëy ƒÉn g√¨ cho ngon ƒë√¢y ü•∞ü•∞#HelloVietnam #dulichtinhbariavungtau #anchoivungtau72 #Master2023byTikTok #SportsOnTikTok #TikTokAwardsVN2023 #anhousevungtau ,False,,anhousevungtau,An House,53000,119,1500000,1438,12700,False,,,
7317668065225805063,2023-12-28T22:29:35,59,VN,1160,297,38,337900,ƒê·∫øn V≈©ng T√†u tr∆∞a ƒëy ƒÉn g√¨ cho ngon ƒë√¢y ü•∞ü•∞#HelloVietnam #dulichtinhbariavungtau #anchoivungtau72 #Master2023byTikTok #SportsOnTikTok #TikTokAwardsVN2023 #anhousevungtau ,False,,anhousevungtau,An House,53000,119,1500000,1438,12700,False,,,
7317668065225805063,2023-12-28T22:29:35,59,VN,1160,297,38,337900,ƒê·∫øn V≈©ng T√†u tr∆∞a ƒëy ƒÉn g√¨ cho ngon ƒë√¢y ü•∞ü•∞#HelloVietnam #dulichtinhbariavungtau #anchoivungtau72 #Master2023byTikTok #SportsOnTikTok #TikTokAwardsVN2023 #anhousevungtau ,False,,anhousevungtau,An House,53000,119,1500000,1438,12700,False,,,
7446365996438359297,2024-12-09T18:03:35,91,VN,8388,2816,113,235600,Top qu√°n ƒÉn b√¨nh d√¢n ngon ch·ªâ d√¢n local V≈©ng T√†u m·ªõi bi·∫øt #daureview #ancungtiktok #reviewanngon #ancungtiktok #xuhuong #fyp ,False,,dau.rv,D√¢u ·ªü V≈©ng T√†uüòå,217400,681,7800000,1069,80200,False,,,
7543198147573468434,2025-08-27T19:00:00,152,VN,112800,11200,596,2300000,"T√¥m cu·ªôn m√¨ khoai t√¢y chi√™n - m√≥n ngon m·ªõi l·∫° m√† c·ª±c bon mi·ªáng. C√°ch l√†m ƒë∆°n gi·∫£n, nhanh g·ªçn, ƒÉn l√∫c m√°t tr·ªùi th√¨ c√≤n g√¨ b·∫±ng. üòã #phuongphuong #emmersweet #omachispaghetti #omachispaghettiyourway ",False,,emmersweet,Ph∆∞∆°ng Ph∆∞∆°ng üë©üèª‚Äçüåæ,729400,436,14600000,289,2080,False,,,
7477956779955981576,2025-03-04T21:11:33,60,VN,103800,13600,798,2300000,C∆°m l∆∞·ªùi ƒë√™m khuya ü§£ü§£ #camcamnauan #m√≥nngonm·ªóing√†y #cooking #comluoi #m√¨cay #food #m√≥nngonm·ªóing√†y ,False,,camcamnauan_,Cam Cam N·∫•u ƒÉn,10600,84,159100,75,353,False,,,
7477956779955981576,2025-03-04T21:11:33,60,VN,103800,13600,798,2300000,C∆°m l∆∞·ªùi ƒë√™m khuya ü§£ü§£ #camcamnauan #m√≥nngonm·ªóing√†y #cooking #comluoi #m√¨cay #food #m√≥nngonm·ªóing√†y ,False,,camcamnauan_,Cam Cam N·∫•u ƒÉn,10600,84,159100,75,353,False,,,
7477956779955981576,2025-03-04T21:11:33,60,VN,103800,13600,798,2300000,C∆°m l∆∞·ªùi ƒë√™m khuya ü§£ü§£ #camcamnauan #m√≥nngonm·ªóing√†y #cooking #comluoi #m√¨cay #food #m√≥nngonm·ªóing√†y ,False,,camcamnauan_,Cam Cam N·∫•u ƒÉn,10600,84,159100,75,353,False,,,
7457151554164935944,2025-01-07T19:36:41,39,VN,9944,5128,300,357400,"L√¢u r·ªìi khum quay l·∫°i, ti·ªán nay ƒëi ƒÉn √¥n l·∫°i tu·ªïi th∆° ch·ªâ ch·ªó ƒÉn v·∫∑t n√∫p h·∫ªm ngon ·ªü V≈©ng T√†u cho m·ªçi ng∆∞·ªùi n√® #anchoivungtau72 #gialinhneee #vungtau #xuhuong #fyp #anvat #dulichvungtau #anvatvungtau #food ",False,,gialinh.neee,Gia  Linh  n√®ee,29600,338,505800,313,12400,False,V≈©ng T√†u,"Ba Ria ‚Äì Vung Tau Province, Vietnam",
7295600862829743361,2023-10-30T11:17:29,22,VN,2493,1490,129,192000,"Qu√°n ƒÉn H√†n Qu·ªëc gi√° h·ªçc sinh sinh vi√™n, m·ªõi tinh t·∫°i V≈©ng T√†u #anchoivungtau72 #food #koreanfood #anvat #food #xuhuong #fyp #monhanquoc ",False,,gialinh.neee,Gia  Linh  n√®ee,29600,338,505800,313,12400,False,V≈©ng T√†u,"Ba Ria ‚Äì Vung Tau Province, Vietnam",
7370670740930153729,2024-05-19T18:27:01,71,VN,4064,1504,93,202400,"ü§üQu√°n ƒÉn H√†n Qu·ªëc ngon, n√∫p h·∫ªm t·∫°i V≈©ng T√†u #anchoivungtau72 #dulichtinhbariavungtau #xuhuong #fyp #vungtau #vungtautrip #koreanfood #food #monhan #monhanquoc #dulichvungtau ",True,,anchoivungtau72,AnChoiVungTau,707800,114,16000000,4561,16000,True,V≈©ng T√†u,"Ba Ria ‚Äì Vung Tau Province, Vietnam",
7476314626133626120,2025-02-28T10:59:12,30,VN,933,478,32,60300,"Qu√°n m·ª≥ th·ªß c√¥ng ng∆∞·ªùi Hoa siu ngon t·∫°i V≈©ng T√†u, tui v√¥ t√¨nh gh√© ai ng·ªù d√≠nh lun #anchoivungtau72 #dulichvungtau #gialinhneee #xuhuong #fyp #mythucong #myhoa #vungtau ",False,,gialinh.neee,Gia  Linh  n√®ee,29600,338,505800,313,12400,False,V≈©ng T√†u,"Ba Ria ‚Äì Vung Tau Province, Vietnam",
7369863654096915728,2024-05-17T14:15:06,89,VN,3667,1228,141,275500,"Qu√°n c∆°m t·∫•m l√¢u nƒÉm, si√™u ngon t·∫°i V≈©ng T√†u #anchoivungtau72 #fyp #dulichtinhbariavungtau #xuhuong #vungtau #dulich #dulichvungtau #comvungtau #comtam #comtam512 #comtamvungtau ",False,,anchoivungtau72,AnChoiVungTau,707800,114,16000000,4561,16000,True,V≈©ng T√†u,"Ba Ria ‚Äì Vung Tau Province, Vietnam",
7365111129560960272,2024-05-04T18:52:55,64,VN,3304,562,35,208900,Qu√°n c∆°m t·∫•m ngon - r·∫ª topping si√™u ch·∫•t l∆∞·ª£ng t·∫°i V≈©ng T√†u #vungtau #anchoivungtau72 #dulichvungtau #dulichtinhbariavungtau #xuhuong #fyp #bariavungtau #comtam #comtamvungtau ,True,,anchoivungtau72,AnChoiVungTau,707800,114,16000000,4561,16000,True,V≈©ng T√†u,"Ba Ria ‚Äì Vung Tau Province, Vietnam",
7412596543053778183,2024-09-09T18:00:30,41,VN,88400,8079,548,3200000,"G√† rang b∆° t·ªèi. Qu√° d·ªÖ ƒë·ªÉ ch·∫ßn ch·ª´, qu√° ngon ƒë·ªÉ l√†m ng∆° ü´∂ #ancungtiktok #learnontiktok ",False,G√† rang b∆° t·ªèi,sammy.becool,Sammy üçÜ,2000000,1103,72300000,1576,19800,False,,,
7503882498452049159,2025-05-13T17:56:35,68,VN,96500,7230,438,2800000,C∆°m l∆∞·ªùi ph·∫ßn th·ª© n v·ªõi g√† s·ªët n∆∞·ªõc t∆∞∆°ng k√®m kim chi d∆∞a leo nhanh m√† m√™ #onganhthichnauan #fyp #cooking #comluoi ,False,,genjadao,√¥ng Anh th√≠ch n·∫•u ƒÉn,2800000,120,55800000,916,2396,True,,,
7488947740165049655,2025-04-03T12:02:08,53,VN,18800,12600,407,778800,632} #steak c·ª° n√†y m√† ch·ªâ 39k duy nh·∫•t t·∫°i qu·∫≠n 8 ƒë√≥ nha #tieumilonton #ancungtiktok #steakbongon39k #b√≤ngon #m·ª≥√Ω #qu·∫≠n8ƒÉng√¨ #b√¨nhd√¢n #changasotthai #ƒÉnt·ªëi ,False,,tieumilonton,Ti·ªÉu M·ªã Lon Ton,32600,90,607600,790,12900,False,"B√¥ng Sao,ph∆∞·ªùng 5, qu·∫≠n 8,TP. HCM","Ph∆∞·ªùng 5, Qu·∫≠n 8, H·ªì Ch√≠ Minh, Vi·ªát Nam",Ho Chi Minh City
7488947740165049655,2025-04-03T12:02:08,53,VN,18800,12600,407,778800,632} #steak c·ª° n√†y m√† ch·ªâ 39k duy nh·∫•t t·∫°i qu·∫≠n 8 ƒë√≥ nha #tieumilonton #ancungtiktok #steakbongon39k #b√≤ngon #m·ª≥√Ω #qu·∫≠n8ƒÉng√¨ #b√¨nhd√¢n #changasotthai #ƒÉnt·ªëi ,False,,tieumilonton,Ti·ªÉu M·ªã Lon Ton,32600,90,607600,790,12900,False,"B√¥ng Sao,ph∆∞·ªùng 5, qu·∫≠n 8,TP. HCM","Ph∆∞·ªùng 5, Qu·∫≠n 8, H·ªì Ch√≠ Minh, Vi·ªát Nam",Ho Chi Minh City
7488947740165049655,2025-04-03T12:02:08,53,VN,18800,12600,407,778800,632} #steak c·ª° n√†y m√† ch·ªâ 39k duy nh·∫•t t·∫°i qu·∫≠n 8 ƒë√≥ nha #tieumilonton #ancungtiktok #steakbongon39k #b√≤ngon #m·ª≥√Ω #qu·∫≠n8ƒÉng√¨ #b√¨nhd√¢n #changasotthai #ƒÉnt·ªëi ,False,,tieumilonton,Ti·ªÉu M·ªã Lon Ton,32600,90,607600,790,12900,False,"B√¥ng Sao,ph∆∞·ªùng 5, qu·∫≠n 8,TP. HCM","Ph∆∞·ªùng 5, Qu·∫≠n 8, H·ªì Ch√≠ Minh, Vi·ªát Nam",Ho Chi Minh City
7488947740165049655,2025-04-03T12:02:08,53,VN,18800,12600,407,778800,632} #steak c·ª° n√†y m√† ch·ªâ 39k duy nh·∫•t t·∫°i qu·∫≠n 8 ƒë√≥ nha #tieumilonton #ancungtiktok #steakbongon39k #b√≤ngon #m·ª≥√Ω #qu·∫≠n8ƒÉng√¨ #b√¨nhd√¢n #changasotthai #ƒÉnt·ªëi ,False,,tieumilonton,Ti·ªÉu M·ªã Lon Ton,32600,90,607600,790,12900,False,"B√¥ng Sao,ph∆∞·ªùng 5, qu·∫≠n 8,TP. HCM","Ph∆∞·ªùng 5, Qu·∫≠n 8, H·ªì Ch√≠ Minh, Vi·ªát Nam",Ho Chi Minh City
7488947740165049655,2025-04-03T12:02:08,53,VN,18800,12600,407,778800,632} #steak c·ª° n√†y m√† ch·ªâ 39k duy nh·∫•t t·∫°i qu·∫≠n 8 ƒë√≥ nha #tieumilonton #ancungtiktok #steakbongon39k #b√≤ngon #m·ª≥√Ω #qu·∫≠n8ƒÉng√¨ #b√¨nhd√¢n #changasotthai #ƒÉnt·ªëi ,False,,tieumilonton,Ti·ªÉu M·ªã Lon Ton,32600,90,607600,790,12900,False,"B√¥ng Sao,ph∆∞·ªùng 5, qu·∫≠n 8,TP. HCM","Ph∆∞·ªùng 5, Qu·∫≠n 8, H·ªì Ch√≠ Minh, Vi·ªát Nam",Ho Chi Minh City
7386961521840016647,2024-07-02T16:03:29,79,VN,16000,5918,299,410500,"Th√≠ch g√† r√°n s·ªët H√†n Qu·ªëc r·ªï r√° h·ªçc sinh th√¨ gh√© xe n√†y nhen, c√≥ 15-25 xu thui √≥, 874D TQB nhen #niengranghayan #garan #garanhanquoc#garbychicken #quan8angi ",False,,niengranghayan,Ni·ªÅng RƒÉng Hay ƒÇn,68600,5,1500000,479,4238,False,Ho Chi Minh City,Vietnam,
7547560579418836231,2025-09-08T10:49:53,62,VN,1733,1044,55,58900,"Qu√°n c∆°m g√† x√° x√≠u, c∆°m heo x√π, nui x√†o b√≤ si√™u ch√¢n √°i gi√° b√¨nh d√¢n. Qu·∫≠n 8 ƒÉn g√¨ ? #tieusanhdaily #ancungtiktok #reviewanngon #comga #comheochienxu ",False,,tieusanhanuong,Ti·ªÉu Sanh Ph√†m ƒÇn,86700,64,2200000,706,266,False,X√≥m C·ªßi,"379 ƒê.T√πng Thi·ªán V∆∞∆°ng, Ph∆∞·ªùng 12, Qu·∫≠n 8, H·ªì Ch√≠ Minh, Vi·ªát Nam",Ho Chi Minh City
